{"version": 2, "width": 80, "height": 24, "timestamp": 1643137301, "env": {"SHELL": "/bin/bash", "TERM": "xterm-256color"}}
[0.015677, "o", "\u001b[?2004h\u001b]0;r2t2@ubook: ~\u0007\u001b[01;32mr2t2@ubook\u001b[00m:\u001b[01;34m~\u001b[00m$ "]
[9.792833, "o", "\r\n\u001b[?2004l\r"]
[9.793064, "o", "\u001b[?2004h\u001b]0;r2t2@ubook: ~\u0007\u001b[01;32mr2t2@ubook\u001b[00m:\u001b[01;34m~\u001b[00m$ "]
[10.100957, "o", "\r\n\u001b[?2004l\r\u001b[?2004h\u001b]0;r2t2@ubook: ~\u0007\u001b[01;32mr2t2@ubook\u001b[00m:\u001b[01;34m~\u001b[00m$ "]
[10.352437, "o", "\r\n\u001b[?2004l\r"]
[10.352606, "o", "\u001b[?2004h\u001b]0;r2t2@ubook: ~\u0007\u001b[01;32mr2t2@ubook\u001b[00m:\u001b[01;34m~\u001b[00m$ "]
[10.595378, "o", "\r\n\u001b[?2004l\r"]
[10.595524, "o", "\u001b[?2004h\u001b]0;r2t2@ubook: ~\u0007\u001b[01;32mr2t2@ubook\u001b[00m:\u001b[01;34m~\u001b[00m$ "]
[10.811045, "o", "\r\n\u001b[?2004l\r"]
[10.81115, "o", "\u001b[?2004h\u001b]0;r2t2@ubook: ~\u0007\u001b[01;32mr2t2@ubook\u001b[00m:\u001b[01;34m~\u001b[00m$ "]
[11.005555, "o", "\r\n\u001b[?2004l\r\u001b[?2004h"]
[11.005677, "o", "\u001b]0;r2t2@ubook: ~\u0007\u001b[01;32mr2t2@ubook\u001b[00m:\u001b[01;34m~\u001b[00m$ "]
[11.190763, "o", "\r\n\u001b[?2004l\r"]
[11.190941, "o", "\u001b[?2004h\u001b]0;r2t2@ubook: ~\u0007\u001b[01;32mr2t2@ubook\u001b[00m:\u001b[01;34m~\u001b[00m$ "]
[14.661809, "o", "e"]
[14.81369, "o", "x"]
[14.93894, "o", "i"]
[15.076074, "o", "t"]
[15.232792, "o", "\r\n\u001b[?2004l\rexit\r\n"]
